[
    {
        "TimePosition": 1,
        "WatchFile": "cfg_res1.watch",
        "Location": [
            {
                "watch": "LargeWatch",
                "label": [
                    {
                        "type": "TIME",
                        "xy": [
                            22,
                            34
                        ]
                    },
                    {
                        "type": "WDAY_D",
                        "xy": [
                            26,
                            86
                        ]
                    }
                ]
            },
            {
                "watch": "SmallWatch",
                "label": [
                    {
                        "type": "TIME",
                        "xy": [
                            12,
                            14
                        ]
                    },
                    {
                        "type": "WDAY_D",
                        "xy": [
                            16,
                            46
                        ]
                    }
                ]
            }
        ]
    },
    {
        "TimePosition": 2,
        "WatchFile": "cfg_res1.watch",
        "Location": [
            {
                "watch": "LargeWatch",
                "label": [
                    {
                        "type": "TIME",
                        "xy": [
                            22,
                            226
                        ]
                    },
                    {
                        "type": "WDAY_D",
                        "xy": [
                            26,
                            196
                        ]
                    }
                ]
            },
            {
                "watch": "SmallWatch",
                "label": [
                    {
                        "type": "TIME",
                        "xy": [
                            12,
                            132
                        ]
                    },
                    {
                        "type": "WDAY_D",
                        "xy": [
                            16,
                            114
                        ]
                    }
                ]
            }
        ]
    },
    {
        "TimePosition": 3,
        "WatchFile": "cfg_res1.watch",
        "Location": [
            {
                "watch": "LargeWatch",
                "label": [
                    {
                        "type": "TIME",
                        "xy": [
                            54,
                            28
                        ]
                    },
                    {
                        "type": "WDAY_D",
                        "xy": [
                            92,
                            80
                        ]
                    }
                ]
            },
            {
                "watch": "SmallWatch",
                "label": [
                    {
                        "type": "TIME",
                        "xy": [
                            34,
                            16
                        ]
                    },
                    {
                        "type": "WDAY_D",
                        "xy": [
                            54,
                            46
                        ]
                    }
                ]
            }
        ]
    },
    {
        "TimePosition": 4,
        "WatchFile": "cfg_res1.watch",
        "Location": [
            {
                "watch": "LargeWatch",
                "label": [
                    {
                        "type": "TIME",
                        "xy": [
                            56,
                            230
                        ]
                    },
                    {
                        "type": "WDAY_D",
                        "xy": [
                            92,
                            200
                        ]
                    }
                ]
            },
            {
                "watch": "SmallWatch",
                "label": [
                    {
                        "type": "TIME",
                        "xy": [
                            34,
                            135
                        ]
                    },
                    {
                        "type": "WDAY_D",
                        "xy": [
                            54,
                            118
                        ]
                    }
                ]
            }
        ]
    },
    {
        "TimePosition": 5,
        "WatchFile": "cfg_res1.watch",
        "Location": [
            {
                "watch": "LargeWatch",
                "label": [
                    {
                        "type": "TIME",
                        "xy": [
                            86,
                            32
                        ]
                    },
                    {
                        "type": "WDAY_D",
                        "xy": [
                            158,
                            84
                        ]
                    }
                ]
            },
            {
                "watch": "SmallWatch",
                "label": [
                    {
                        "type": "TIME",
                        "xy": [
                            52,
                            18
                        ]
                    },
                    {
                        "type": "WDAY_D",
                        "xy": [
                            90,
                            50
                        ]
                    }
                ]
            }
        ]
    },
    {
        "TimePosition": 6,
        "WatchFile": "cfg_res1.watch",
        "Location": [
            {
                "watch": "LargeWatch",
                "label": [
                    {
                        "type": "TIME",
                        "xy": [
                            90,
                            224
                        ]
                    },
                    {
                        "type": "WDAY_D",
                        "xy": [
                            160,
                            194
                        ]
                    }
                ]
            },
            {
                "watch": "SmallWatch",
                "label": [
                    {
                        "type": "TIME",
                        "xy": [
                            50,
                            130
                        ]
                    },
                    {
                        "type": "WDAY_D",
                        "xy": [
                            88,
                            112
                        ]
                    }
                ]
            }
        ]
    },
    {
        "TimePosition": 7,
        "WatchFile": "cfg_res2.watch",
        "Location": [
            {
                "watch": "LargeWatch",
                "label": [
                    {
                        "type": "HOUR",
                        "xy": [
                            64,
                            40
                        ]
                    },
                    {
                        "type": "MIN",
                        "xy": [
                            64,
                            130
                        ]
                    },
                    {
                        "type": "WDAY_D",
                        "xy": [
                            92,
                            224
                        ]
                    }
                ]
            },
            {
                "watch": "SmallWatch",
                "label": [
                    {
                        "type": "HOUR",
                        "xy": [
                            40,
                            26
                        ]
                    },
                    {
                        "type": "MIN",
                        "xy": [
                            40,
                            84
                        ]
                    },
                    {
                        "type": "WDAY_D",
                        "xy": [
                            54,
                            142
                        ]
                    }
                ]
            }
        ]
    }
]