[
    {
        "TimePosition": 1,
        "WatchFile": "cfg_res1.watch",
        "Location": [
            {
                "watch": "LargeWatch",
                "label": [
                    {
                        "type": "TIME",
                        "xy": [
                            64,
                            100
                        ]
                    },
                    {
                        "type": "WDAY",
                        "xy": [
                            64,
                            176
                        ]
                    },
                    {
                        "type": "MDAY",
                        "xy": [
                            162,
                            176
                        ]
                    }
                ]
            },
            {
                "watch": "SmallWatch",
                "label": [
                    {
                        "type": "TIME",
                        "xy": [
                            36,
                            50
                        ]
                    },
                    {
                        "type": "WDAY_D",
                        "xy": [
                            36,
                            100
                        ]
                    }
                ]
            }
        ]
    },
    {
        "TimePosition": 2,
        "WatchFile": "cfg_res1.watch",
        "Location": [
            {
                "watch": "LargeWatch",
                "label": [
                    {
                        "type": "TIME",
                        "xy": [
                            70,
                            326
                        ]
                    },
                    {
                        "type": "WDAY",
                        "xy": [
                            70,
                            280
                        ]
                    },
                    {
                        "type": "MDAY",
                        "xy": [
                            162,
                            280
                        ]
                    }
                ]
            },
            {
                "watch": "SmallWatch",
                "label": [
                    {
                        "type": "TIME",
                        "xy": [
                            36,
                            186
                        ]
                    },
                    {
                        "type": "WDAY_D",
                        "xy": [
                            36,
                            160
                        ]
                    }
                ]
            }
        ]
    },
    {
        "TimePosition": 3,
        "WatchFile": "cfg_res1.watch",
        "Location": [
            {
                "watch": "LargeWatch",
                "label": [
                    {
                        "type": "TIME",
                        "xy": [
                            130,
                            81
                        ]
                    },
                    {
                        "type": "WDAY",
                        "xy": [
                            156,
                            166
                        ]
                    },
                    {
                        "type": "MDAY",
                        "xy": [
                            254,
                            166
                        ]
                    }
                ]
            },
            {
                "watch": "SmallWatch",
                "label": [
                    {
                        "type": "TIME",
                        "xy": [
                            72,
                            50
                        ]
                    },
                    {
                        "type": "WDAY_D",
                        "xy": [
                            88,
                            100
                        ]
                    }
                ]
            }
        ]
    },
    {
        "TimePosition": 4,
        "WatchFile": "cfg_res1.watch",
        "Location": [
            {
                "watch": "LargeWatch",
                "label": [
                    {
                        "type": "TIME",
                        "xy": [
                            130,
                            326
                        ]
                    },
                    {
                        "type": "WDAY",
                        "xy": [
                            156,
                            262
                        ]
                    },
                    {
                        "type": "MDAY",
                        "xy": [
                            254,
                            262
                        ]
                    }
                ]
            },
            {
                "watch": "SmallWatch",
                "label": [
                    {
                        "type": "TIME",
                        "xy": [
                            72,
                            186
                        ]
                    },
                    {
                        "type": "WDAY_D",
                        "xy": [
                            88,
                            148
                        ]
                    }
                ]
            }
        ]
    },
    {
        "TimePosition": 5,
        "WatchFile": "cfg_res1.watch",
        "Location": [
            {
                "watch": "LargeWatch",
                "label": [
                    {
                        "type": "TIME",
                        "xy": [
                            204,
                            100
                        ]
                    },
                    {
                        "type": "WDAY",
                        "xy": [
                            260,
                            176
                        ]
                    },
                    {
                        "type": "MDAY",
                        "xy": [
                            354,
                            176
                        ]
                    }
                ]
            },
            {
                "watch": "SmallWatch",
                "label": [
                    {
                        "type": "TIME",
                        "xy": [
                            96,
                            50
                        ]
                    },
                    {
                        "type": "WDAY_D",
                        "xy": [
                            130,
                            100
                        ]
                    }
                ]
            }
        ]
    },
    {
        "TimePosition": 6,
        "WatchFile": "cfg_res1.watch",
        "Location": [
            {
                "watch": "LargeWatch",
                "label": [
                    {
                        "type": "TIME",
                        "xy": [
                            204,
                            326
                        ]
                    },
                    {
                        "type": "WDAY",
                        "xy": [
                            260,
                            280
                        ]
                    },
                    {
                        "type": "MDAY",
                        "xy": [
                            354,
                            280
                        ]
                    }
                ]
            },
            {
                "watch": "SmallWatch",
                "label": [
                    {
                        "type": "TIME",
                        "xy": [
                            96,
                            186
                        ]
                    },
                    {
                        "type": "WDAY_D",
                        "xy": [
                            130,
                            160
                        ]
                    }
                ]
            }
        ]
    },
    {
        "TimePosition": 7,
        "WatchFile": "cfg_res2.watch",
        "Location": [
            {
                "watch": "LargeWatch",
                "label": [
                    {
                        "type": "HOUR",
                        "xy": [
                            156,
                            90
                        ]
                    },
                    {
                        "type": "MIN",
                        "xy": [
                            156,
                            220
                        ]
                    },
                    {
                        "type": "WDAY",
                        "xy": [
                            158,
                            356
                        ]
                    },
                    {
                        "type": "MDAY",
                        "xy": [
                            256,
                            356
                        ]
                    }
                ]
            },
            {
                "watch": "SmallWatch",
                "label": [
                    {
                        "type": "HOUR",
                        "xy": [
                            84,
                            56
                        ]
                    },
                    {
                        "type": "MIN",
                        "xy": [
                            84,
                            130
                        ]
                    },
                    {
                        "type": "WDAY_D",
                        "xy": [
                            88,
                            208
                        ]
                    }
                ]
            }
        ]
    }
]