[
    {
        "TimePosition": 1,
        "WatchFile": "cfg_res.watch"
    },
    {
        "TimePosition": 2,
        "WatchFile": "cfg_res.watch"
    },
    {
        "TimePosition": 3,
        "WatchFile": "cfg_res.watch"
    },
    {
        "TimePosition": 4,
        "WatchFile": "cfg_res.watch"
    },
    {
        "TimePosition": 5,
        "WatchFile": "cfg_res.watch"
    },
    {
        "TimePosition": 6,
        "WatchFile": "cfg_res.watch"
    },
    {
        "TimePosition": 7,
        "WatchFile": "cfg_res.watch"
    }
]